{"cameraMode":{"drawMode":0,"name":"Shaded","section":"Shading Mode"},"sceneLighting":true,"audioPlay":false,"sceneViewState":{"showFog":true,"showMaterialUpdate":false,"showSkybox":true,"showFlares":true,"showImageEffects":true,"showParticleSystems":true},"in2DMode":false,"pivot":{"x":0.11719846725463867,"y":-0.039999961853027347,"z":0.0},"rotation":{"x":0.052343398332595828,"y":0.07094445824623108,"z":-0.0037279741372913124,"w":0.996101438999176},"size":149.43701171875,"orthographic":true}